bps,chr,pos
39041,1,0
55881,1,1.00000000947364e-06
134126,1,2.00000001894729e-06
183575,1,3.00000002842093e-06
303836,1,4.00000003789458e-06
470146,1,5.00000004736822e-06
491766,1,6.00000005684187e-06
562692,1,0.858173727190996
637477,1,3.92960819102572
796694,1,6.55048819009243
825028,1,6.97744583360596
884391,1,9.15206824506102
984040,1,9.57924598000299
990151,1,9.579246980003
1079165,1,10.8724225005877
1130938,1,10.8724235005877
1265969,1,13.9301446687555
1272591,1,13.9301456687556
1433304,1,17.8973677046794
1451410,1,18.3225468531384
1452097,1,18.3225478531384
1563141,1,18.3225488531384
1644597,1,19.177270524611
1644911,1,19.177271524611
1661177,1,19.6021240310602
1823874,1,26.8316527435979
2068168,1,29.5804820308766
2162880,1,31.0550851944577
2310075,1,32.7795575703635
2318113,1,33.2049617594374
2318440,1,33.2049627594375
2448169,1,34.9292715766106
2448381,1,34.9292725766106
2538742,1,36.6535813772897
2590696,1,36.6535823772897
2653236,1,36.6535833772897
2751595,1,37.5082180551129
2837732,1,39.2326183168151
2852467,1,39.2326193168151
2949031,1,43.6605458027959
3100227,1,45.8251356729465
3123826,1,45.8251366729465
3180959,1,46.6795679943935
3260999,1,50.1900687169109
3273272,1,50.1900697169109
3368661,1,51.9144699891107
3433603,1,52.7691046684983
3445313,1,52.7691056684984
3502475,1,53.6235142483813
3560134,1,57.5910317334036
3573193,1,58.44521886134
3675000,1,61.5034464539249
3684808,1,61.9286303640955
3806109,1,63.2164221878999
3871124,1,63.6418702461124
3890035,1,63.6418712461124
3989631,1,64.4966839703638
4078434,1,64.9222221464833
4175488,1,64.9222231464833
4237067,1,66.6466234500766
4338253,1,67.5012581308257
4436683,1,67.5012591308257
4516443,1,67.5012601308257
4533147,1,67.5012611308257
4590528,1,67.5012621308257
4651939,1,68.7888869402972
4696915,1,68.7888879402972
4845515,1,69.6437320128503
4976880,1,70.0693013002954
4977201,1,70.0693023002954
5052410,1,70.4948367835068
5083461,1,70.4948377835069
5196018,1,70.4948387835069
5428706,1,71.7824652332761
5521987,1,73.070093381091
5626784,1,74.3577198308593
5683306,1,74.3577208308593
5715300,1,74.3577218308593
5756863,1,74.3577228308593
5885309,1,74.7830381966534
6070816,1,77.3925570246523
6166277,1,77.3925580246523
6256996,1,77.3925590246524
6351805,1,77.3925600246524
6385322,1,77.3925610246524
6593043,1,79.5574013121185
6651083,1,79.5574023121185
6724981,1,79.5574033121185
6795674,1,79.5574043121185
7057031,1,81.2817131112912
7118751,1,81.2817141112912
7254663,1,83.4465544175945
7273650,1,83.4465554175945
7410352,1,84.3013211017453
7436825,1,84.7268126563235
7478903,1,84.7268136563235
7492494,1,85.1523481352438
7581800,1,85.1523491352438
7628152,1,86.0070708074117
7677531,1,86.0070718074117
7759531,1,86.0070728074117
7833557,1,86.8617944751767
7886017,1,86.8617954751767
7899293,1,86.8617964751767
7916192,1,86.8617974751767
7917212,1,86.8617984751767
7917995,1,86.8617994751767
7934579,1,86.8618004751768
7937792,1,86.8618014751768
7938290,1,86.8618024751768
7997346,1,89.0268253127899
8069190,1,89.452185289282
8083407,1,89.452186289282
8158558,1,90.7398111105336
8203498,1,90.7398121105336
8278630,1,92.0274369317288
8292940,1,92.0274379317288
8361424,1,92.4529724062834
8455563,1,92.4529734062834
8539997,1,92.4529744062834
8550709,1,92.4529754062834
8642732,1,92.4529764062834
8646297,1,92.4529774062834
8730368,1,92.8785118894779
8828147,1,92.8785128894779
8842903,1,92.878513889478
8920662,1,94.1662277070662
9026456,1,94.5916328615547
9101077,1,95.4463985545698
9126231,1,95.4463995545698
9190194,1,95.4464005545698
9279935,1,97.1729941105221
9372154,1,99.7850247891366
9471281,1,100.210209630354
9561565,1,101.934653603518
9603887,1,101.934654603518
9657789,1,101.934655603518
9743539,1,103.222280408438
9759693,1,103.222281408438
9838700,1,103.222282408438
9882149,1,103.222283408438
9899718,1,103.222284408438
9958062,1,105.387263341611
10069729,1,106.241722195299
10163981,1,108.406701142151
10170678,1,108.406702142151
10238035,1,109.261423792478
10331091,1,109.261424792478
10366094,1,110.549049610853
10427198,1,110.549050610853
10533225,1,110.974585072379
10535270,1,110.974586072379
10614679,1,112.698897865346
10722147,1,114.423179878413
10722389,1,114.423180878413
10793131,1,115.277513787139
10924237,1,119.705740685063
11077233,1,122.763611000249
11133778,1,123.188662216513
11263141,1,125.798181040235
11283515,1,125.798182040235
11330004,1,125.798183040235
11415243,1,128.407657754356
11494130,1,129.261653919637
11600954,1,135.57696424854
11648478,1,135.57696524854
11648662,1,135.57696624854
11722283,1,136.431687903156
11737882,1,136.431688903156
11805353,1,138.596488457174
11875863,1,141.205828573212
11912194,1,141.205829573212
11956742,1,143.714109006289
12080463,1,150.370706668017
12166158,1,152.506075593411
12205641,1,152.506076593411
12334119,1,154.670883391155
12365029,1,154.670884391155
12433085,1,155.525582756372
12456601,1,155.525583756372
12498907,1,155.951118412331
12567413,1,156.376297707618
12612098,1,160.34385996833
12654691,1,161.198268530329
12654992,1,161.198269530329
12729813,1,163.807654903568
12738895,1,165.530794526917
12873377,1,177.978217614396
12936934,1,181.034898279381
12967075,1,185.001608735049
13140494,1,191.317105382235
13219636,1,193.040857134004
13294201,1,195.650054550116
13375902,1,200.078142349964
13424253,1,202.687022645669
13713121,1,207.580070583787
13727552,1,207.580071583787
13845117,1,210.189355747754
13850044,1,210.189356747754
13938762,1,210.614848272015
14026306,1,211.469300898981
14113165,1,215.436681732026
14155576,1,217.601352549958
14189368,1,219.655251488187
14266528,1,223.051622582722
14267212,1,223.051623582722
14307025,1,223.051624582722
14325175,1,223.476849502647
14443999,1,226.986375318224
14535059,1,240.519340393895
14576677,1,246.822720704083
14638545,1,248.959910443099
14737590,1,256.216785378408
14768017,1,258.825655967745
14845861,1,260.990411973353
14904789,1,263.599752065248
14910538,1,263.599753065248
15010594,1,263.599754065248
65038,2,0
180755,2,1.00000000947364e-06
193948,2,2.00000001894729e-06
417415,2,0.425536483887474
426624,2,0.425537483887483
441357,2,0.425538483887493
505541,2,0.851072967892691
534281,2,0.8510739678927
661222,2,1.27629892052836
762240,2,4.78684416386114
828264,2,4.78684516386115
866663,2,4.78684616386116
880743,2,4.78684716386117
960277,2,5.64156883162614
962517,2,5.64156983162615
1043224,2,5.64157083162616
1156986,2,5.64157183162617
1158970,2,5.64157283162618
1228809,2,6.9291976322865
1284039,2,6.92919863228651
1407385,2,8.65359891836638
1486590,2,9.50819066332273
1593571,2,10.7959065264489
1708761,2,11.6504090277068
1750144,2,14.2598837413874
1808243,2,14.2598847413874
1939185,2,14.2598857413874
2065810,2,16.4247757387134
2121018,2,18.1491695777555
2182381,2,18.5743096307766
2218905,2,21.6325401243561
2301117,2,22.4868188717836
2354171,2,25.5446449110254
2482896,2,29.9724765389723
2486664,2,29.9724775389723
2601221,2,38.7512188162544
2688584,2,43.6436246104113
2691194,2,43.6436256104113
2749534,2,46.7015834970098
2795341,2,47.5560787505817
2808858,2,48.4100047258034
2933621,2,57.189292059027
2947746,2,57.189293059027
3001223,2,60.6995479109803
3044535,2,62.4244101691026
3093400,2,66.8535654788934
3254899,2,70.8207551588883
3272782,2,71.2458913458463
3397001,2,72.100656979187
3397685,2,72.100657979187
3576981,2,78.8995024292757
3703990,2,80.1869513126587
3729089,2,80.1869523126587
3729978,2,80.1869533126587
3828599,2,81.9113535939954
3968038,2,82.7659453292988
4003594,2,84.0537569035708
4092529,2,84.9085312680845
4145249,2,85.7632536396039
4188418,2,85.7632546396039
4278687,2,87.4877082092216
4317263,2,88.7752547216266
4406580,2,91.3849161647551
4434611,2,91.8102314989982
4471992,2,91.8102324989983
4537318,2,92.6648227555894
4676292,2,94.8298016972714
4692061,2,94.8298026972714
4740930,2,94.8298036972714
4800869,2,96.9943699587416
4934750,2,101.887965075429
5048614,2,102.312964927368
5150057,2,103.600767785014
5202380,2,104.026216036155
5235769,2,104.45175069629
5274748,2,104.45175169629
5329500,2,104.45175269629
5351443,2,104.87724424219
5401579,2,105.732010679362
5598604,2,106.586420040986
5860815,2,110.55359732714
5862803,2,110.55359832714
5949935,2,110.979132774798
5982970,2,110.979133774798
6014830,2,110.979134774798
6175492,2,111.404669249353
6231651,2,111.404670249353
6348699,2,112.692295072077
6406321,2,112.692296072077
6441068,2,113.117787609413
6538824,2,113.972466319459
6627059,2,115.696869592309
6672335,2,117.421316565945
6765566,2,117.846720768108
6765736,2,117.846721768108
6825752,2,118.272256428224
6919104,2,118.697791282433
6979015,2,119.12332594255
7041383,2,119.12332694255
7107955,2,119.54886142578
7143370,2,119.54886242578
7207148,2,119.97439709019
7296275,2,120.399931754599
7298329,2,120.399932754599
7340672,2,120.825467413161
7375197,2,121.25101774652
7491089,2,121.676567875562
7538288,2,121.676568875562
7671295,2,122.964114310728
7671655,2,122.964115310728
7740249,2,123.389571777818
7807016,2,123.389572777818
7814030,2,123.389573777818
7872144,2,123.389574777818
7934363,2,123.815109437916
8035162,2,124.240644292126
8117631,2,124.666178952223
8132801,2,124.666179952223
8204363,2,124.666180952223
8387074,2,124.666181952223
8418705,2,124.666182952223
8571615,2,124.666183952223
8702017,2,125.091718435436
8712793,2,125.091719435436
8844580,2,125.517292794148
8866052,2,125.94286615284
8927514,2,125.94286715284
9007994,2,125.94286815284
9052469,2,125.94286915284
9064513,2,125.94287015284
9141835,2,126.797591820677
9145102,2,126.797592820677
9216804,2,127.652315213593
9307798,2,128.506714261008
9551019,2,132.297877165025
9621382,2,134.093715160601
9782566,2,135.578552747259
9835807,2,136.003856810476
9917206,2,138.613498620873
10013190,2,138.613499620873
10051366,2,138.613500620873
10073230,2,139.039035280192
10180776,2,139.464577873713
10201018,2,139.890120272338
10244718,2,139.890121272338
10315533,2,139.890122272338
10328419,2,139.890123272338
10414082,2,139.890124272338
10437279,2,140.74471450202
10506943,2,142.909787858868
10665733,2,144.197414470954
10694943,2,144.622862533375
10759073,2,144.622863533375
10821798,2,145.048405937101
10900050,2,145.473948340016
10928858,2,145.473949340016
10993539,2,145.473950340016
11020989,2,145.473951340016
11260841,2,145.899485816153
11305492,2,145.899486816153
11359136,2,147.187200642626
11413686,2,147.612648902725
11492080,2,148.038097162825
11589405,2,149.325810980394
11590697,2,149.325811980394
11619162,2,149.325812980394
11671864,2,150.180534648159
11709744,2,150.180535648159
11749165,2,150.180536648159
11833638,2,150.180537648159
11908243,2,151.468162448821
11910165,2,151.468163448821
12008087,2,153.192464995192
12008253,2,153.192465995192
12109370,2,156.702683703751
12181142,2,160.19405160334
12280277,2,166.920742184213
12350449,2,168.161407241073
12419488,2,169.885677481979
12471041,2,172.49524994785
12522556,2,173.349708370513
12567819,2,175.07392997468
12654621,2,178.584334563049
12659882,2,178.584335563049
12734621,2,183.012348001887
12787738,2,184.299378588044
12889415,2,188.253017701354
12955759,2,191.74812483551
12986531,2,192.606027416424
13076492,2,195.677598946944
13081888,2,196.970526416349
13123699,2,198.967237107724
13178711,2,200.963871987937
13181606,2,200.963872987937
13213386,2,203.138087646247
13279431,2,205.758694413993
13408984,2,209.74326040482
13418996,2,209.74326140482
13516256,2,213.72718291639
13601155,2,222.547490543028
13694563,2,226.530977908676
13813025,2,234.846663446248
13874418,2,235.272928215783
13927149,2,240.188588283763
13980551,2,240.615271003838
14040858,2,243.23619037969
14041031,2,243.23619137969
14132471,2,245.410362900624
14204542,2,248.452908965797
14276113,2,253.33839833436
14358453,2,255.958855579814
14490774,2,258.57954955367
14543363,2,258.57955055367
14580800,2,258.57955155367
14636230,2,259.006904582391
14649851,2,259.006905582391
14772423,2,259.006906582391
14856339,2,259.006907582391
14940653,2,259.006908582391
14955649,2,259.006909582391
15025386,2,259.006910582391
15025609,2,259.006911582391
15101282,2,259.006912582391
21514,3,0
49789,3,1.00000000947364e-06
137701,3,2.00000001894729e-06
173669,3,3.00000002842093e-06
236353,3,4.00000003789458e-06
252490,3,5.00000004736822e-06
360482,3,6.00000005684187e-06
371938,3,7.00000006631551e-06
447772,3,8.00000007578915e-06
540365,3,1.28759021859073
694494,3,3.01194645096898
746759,3,3.01194745096899
811704,3,3.86662615722401
844837,3,5.1541188456073
901697,3,8.21209893362714
919691,3,10.3770351786083
1061265,3,10.802143196395
1142947,3,13.4118932477102
1187960,3,13.8370340762241
1237685,3,16.0010709880946
1586488,3,27.9078371832225
1616465,3,30.0718740949973
1638858,3,30.4972342455339
1765659,3,30.9226824927371
1803894,3,32.2102714385353
1842874,3,34.747256260742
1893289,3,35.2427712595721
1893382,3,35.2427722595721
1972629,3,39.67044099406
1974773,3,39.67044199406
2164475,3,48.9195650771632
2255584,3,53.2837116243121
2370340,3,60.2764737765214
2453399,3,65.810075795806
2487740,3,67.5888335923433
2545513,3,69.3126737862469
2655404,3,75.6175512297356
2750388,3,82.8927917597901
2750507,3,82.8927927597901
2752183,3,82.8927937597901
2812977,3,85.5020417661296
2851780,3,88.5386057649997
2941118,3,95.3142123637299
2941317,3,95.3142133637299
3046954,3,97.9237296252949
3067664,3,98.3488704802786
3188921,3,100.513474337628
3329658,3,106.829175322064
3346539,3,108.553020518153
3359033,3,108.553021518153
3435046,3,111.610742686578
3451844,3,111.610743686578
3553013,3,115.121244393912
3574914,3,115.975699004393
3591533,3,115.975700004393
3633274,3,118.539748814063
3863247,3,122.004370670022
3992945,3,122.429600386756
4076867,3,122.855158454415
4086209,3,123.280716522056
4138126,3,123.705987029189
4279551,3,126.764270400529
4356477,3,127.18949780442
4611249,3,128.044263497513
4640960,3,128.044264497513
4681394,3,128.044265497513
4791155,3,128.044266497513
4877043,3,128.469581835811
5150248,3,131.079331887994
5188009,3,131.504647411646
5290862,3,131.930139151788
5346390,3,132.784904849171
5438312,3,132.784905849171
5479356,3,133.210353906332
5504107,3,134.498113270836
5603610,3,135.352792733592
5624239,3,136.207515123386
5683986,3,136.207516123386
5732673,3,136.207517123386
5756048,3,136.632965184783
5932157,3,137.920768046584
6069721,3,138.34617317916
6144850,3,139.200982919396
6330483,3,139.626474465259
6411815,3,139.626475465259
6578738,3,139.626476465259
6678715,3,140.052010948473
6679466,3,140.052011948473
6699505,3,140.477546431686
6752388,3,140.477547431686
6793001,3,140.477548431686
6847173,3,140.477549431686
6927301,3,140.9030839149
6951387,3,140.9030849149
7037219,3,141.328619398113
7070670,3,141.328620398113
7232348,3,141.328621398113
7244131,3,141.328622398113
7320448,3,141.328623398113
7385398,3,141.754157881308
7394719,3,141.754158881308
7465518,3,141.754159881308
7533796,3,141.754160881308
7605577,3,142.179695364504
7605747,3,142.179696364504
7658054,3,142.179697364504
7730605,3,142.179698364504
7804999,3,142.179699364504
7829012,3,142.179700364504
7909143,3,143.034466057612
7952399,3,143.459914683425
8008191,3,144.314681116001
8126283,3,145.169438494119
8230846,3,145.684677824742
8318559,3,146.199951015147
8321988,3,146.199952015147
8365198,3,146.625486498432
8400162,3,146.625487498432
8498498,3,147.050847483584
8626415,3,149.215870321199
8628345,3,149.215871321199
8677748,3,149.215872321199
8804571,3,149.641320395808
8933566,3,150.92903417184
9028289,3,150.92903517184
9181978,3,156.765813116521
9219053,3,157.620077638655
9287925,3,158.045569185009
9308865,3,158.045570185009
9400196,3,158.47110466824
9432020,3,158.47110566824
9474177,3,158.896640151453
9550679,3,158.896641151453
9558457,3,158.896642151453
9742851,3,159.75136381052
9747951,3,159.75136481052
9834108,3,161.475673614317
9834215,3,161.475674614317
9997088,3,164.085104859831
10031121,3,165.372621835573
10094901,3,165.372622835573
10192348,3,165.798137796951
10243916,3,166.652947534791
10275215,3,167.078430251239
10301576,3,167.593712779325
10385084,3,168.108985985884
10399711,3,168.108986985884
10437880,3,172.076164280619
10526222,3,172.930616945596
10539181,3,173.356065524786
10602502,3,174.211125658628
10675325,3,175.936005460599
10720766,3,176.790640832441
10817878,3,177.645363200131
10837246,3,177.645364200131
10914864,3,180.703083650838
10924027,3,180.703084650838
11116518,3,189.482130582114
11143979,3,191.606969022229
11200275,3,196.458971740097
11241215,3,198.623409422532
11335956,3,202.134103882189
11378112,3,202.559019238519
11428485,3,206.069762074458
11542954,3,207.793850280192
11659789,3,209.958744947961
11699919,3,212.123790075063
11766440,3,216.091224050073
11801547,3,216.091225050073
11810422,3,216.091226050073
11874121,3,217.815440508
11916684,3,220.424740192713
12013112,3,223.935383697015
12019921,3,224.36020855113
12161088,3,228.772270475427
12301958,3,242.29519233725
12528274,3,253.110837609171
12589491,3,255.256842247043
12614683,3,255.682073778205
12689887,3,257.406517751551
12690016,3,257.406518751551
12788675,3,259.571541589779
12806790,3,259.996877256409
12883343,3,260.66623144566
12960573,3,262.640907146223
12963022,3,262.640908146223
13024692,3,263.495673828093
13070922,3,263.920901264464
13363436,3,266.978903493595
13444200,3,266.978904493595
13463736,3,266.978905493595
13539883,3,266.978906493595
13572197,3,266.978907493595
13605272,3,266.978908493595
13678618,3,266.978909493595
13719366,3,266.978910493595
13762563,3,266.978911493595
419847,4,0
657969,4,1.00000000947364e-06
781321,4,3.05800223332581
795262,4,3.48327255457312
831646,4,3.48327355457313
955056,4,7.43608564642686
1063709,4,15.6982045746961
1087026,4,16.9831271359567
1322900,4,38.3332665961695
1335369,4,38.9712407667997
1396330,4,39.6109737196134
1428840,4,43.1215007508167
1488728,4,46.6315950554467
1577498,4,51.5250031804409
1601253,4,52.3787721790397
1751637,4,58.6638465521864
1873297,4,68.6995621911396
1942488,4,77.1853138458629
2052488,4,83.4914152851758
2095589,4,86.1002586691253
2161589,4,89.4765861526954
2172527,4,90.8920588253039
2249913,4,98.671732155857
2289095,4,100.396042326188
2328156,4,102.561319224603
2457184,4,107.454419761442
2495180,4,107.454420761442
2555936,4,109.178729515479
2556583,4,109.178730515479
2640684,4,112.641809733294
2803159,4,115.132978936256
2914276,4,117.226843425629
3008355,4,120.28521279509
3049104,4,120.999887954074
3152467,4,123.911742759322
3171602,4,123.911743759322
3341442,4,123.911744759322
3383188,4,127.878692275282
3480459,4,130.93656582244
3502601,4,131.790706532932
3559411,4,136.219118955462
3579826,4,137.506472980879
3645621,4,138.360706306624
3737425,4,143.254348413428
3813651,4,144.541392789413
3882708,4,147.599587134021
3886466,4,148.024502131834
4009424,4,151.991724152368
4051259,4,151.991725152368
4069354,4,151.991726152368
4173384,4,152.846316404549
4265784,4,155.011295337576
4281915,4,155.011296337576
4369091,4,158.069254251763
4526745,4,158.923711535938
4579403,4,160.211604346455
4625308,4,160.211605346455
4779016,4,164.178926114203
4877360,4,165.903009786056
4978595,4,165.903010786056
5034081,4,166.757732455588
5039073,4,166.757733455588
5140526,4,168.482177446548
5228869,4,168.907581657664
5230227,4,168.907582657664
5513221,4,170.195209129554
5732323,4,171.482835592538
5766594,4,171.482836592538
5819728,4,171.482837592538
5847054,4,171.908329159003
5993737,4,172.762976312758
6077557,4,172.762977312758
6104015,4,173.188351341485
6173559,4,174.043117050631
6194904,4,174.043118050631
6260291,4,174.043119050631
6278860,4,174.468653533825
6384373,4,174.468654533825
6414193,4,174.468655533825
6461993,4,175.3233342617
6507432,4,176.611004595399
6544139,4,176.611005595399
6602009,4,177.465771284084
6645012,4,177.891263028424
6790447,4,178.316797679901
6790549,4,178.316798679901
6975030,4,179.604423484999
7081679,4,179.604424484999
7360407,4,181.769314508797
7405246,4,183.493581453504
7427990,4,183.493582453504
7470754,4,183.493583453504
7517263,4,183.493584453504
7556625,4,183.493585453504
7610576,4,183.493586453504
7692800,4,185.21803043096
7712383,4,185.643434840426
7827613,4,186.06896950058
7849417,4,186.06897050058
7900249,4,186.06897150058
7919676,4,186.06897250058
7963429,4,186.06897350058
8014460,4,186.923695164049
8046240,4,186.923696164049
8162278,4,188.211409990505
8228705,4,188.636858065116
8286644,4,188.636859065116
8346572,4,188.636860065116
8434404,4,188.636861065116
8448922,4,188.636862065116
8491479,4,188.636863065116
8569553,4,189.924487870036
8587421,4,189.924488870036
8674290,4,189.924489870036
8676469,4,189.924490870036
8767548,4,192.089513707649
8859180,4,192.514873675333
8921798,4,192.514874675333
9002934,4,194.679714999309
9100903,4,194.679715999309
9192101,4,195.105250465073
9225944,4,195.105251465073
9318640,4,195.530785948286
9353916,4,195.530786948286
9548887,4,195.530787948286
9619027,4,195.530788948286
9673330,4,195.956323608421
9715408,4,196.381771872777
9867137,4,197.669485690403
9884304,4,197.669486690403
9967684,4,197.669487690403
10073916,4,198.957112495324
10112197,4,198.957113495324
10151800,4,198.957114495324
10228846,4,198.957115495324
10258663,4,198.957116495324
10279576,4,198.957117495324
10613488,4,200.681426298684
10653079,4,200.681427298684
10677530,4,200.681428298684
10835779,4,201.536149990614
10909553,4,201.536150990614
11082973,4,202.823775829131
11166263,4,202.823776829131
11247283,4,202.823777829131
11259345,4,202.823778829131
11315719,4,202.823779829131
11349401,4,202.823780829131
11401759,4,202.823781829131
11438913,4,202.823782829131
11474601,4,202.823783829131
11508350,4,202.823784829131
11603948,4,204.988625116597
11666986,4,204.988626116597
11668235,4,204.988627116597
11747240,4,204.988628116597
11753080,4,204.988629116597
11830215,4,204.988630116597
11839652,4,204.988631116597
11912039,4,206.713031397893
12050010,4,207.567666826719
12124863,4,208.422389212258
12207620,4,208.422390212258
12290012,4,209.710015021731
12291283,4,209.710016021731
12382900,4,209.710017021731
12429764,4,210.135508567593
12453623,4,210.990318312104
12524273,4,211.415809836053
12534702,4,211.415810836053
12613411,4,214.025196211748
12694946,4,215.749420943856
12758850,4,217.473732716102
12780086,4,217.473733716102
12841509,4,217.899225249013
12884794,4,218.753948023955
12908559,4,220.041618344325
12920231,4,220.041619344325
12971748,4,220.041620344325
13005739,4,220.896210596509
13082495,4,223.061189547635
13096998,4,223.061190547635
13239121,4,224.3488153122
13240987,4,224.3488163122
13370549,4,228.776505745102
13532205,4,233.204498040607
13629783,4,234.928582269377
13706648,4,236.216253508656
13730742,4,236.641674185371
13809805,4,237.496546637148
13898210,4,237.92208501652
13904324,4,238.347576751901
13996112,4,239.202342444878
14027715,4,239.202343444878
14091463,4,239.202344444878
14112559,4,241.367367282493
14153910,4,241.792727245715
14176888,4,241.792728245715
14263782,4,244.402015950276
14264134,4,244.402016950276
14335307,4,244.827464989763
14357826,4,246.115267855876
14423623,4,246.540715912982
14424452,4,246.540716912982
14517144,4,247.395438585222
14608247,4,247.395439585222
14664093,4,248.250029837481
14843111,4,250.415008775093
14857053,4,250.415009775093
15008938,4,253.024297461781
15013741,4,253.024298461781
15020258,4,253.44978999443
15105484,4,254.304555651089
15105640,4,254.304556651089
15181493,4,259.197795352389
15280795,4,260.052067801826
15324783,4,261.339695545095
15369511,4,263.064143270149
15383755,4,263.91827669272
15429504,4,269.755572780327
15466627,4,271.042469199146
15568674,4,275.0097585333
15632637,4,277.619023969499
15706631,4,279.22033556924
15731721,4,280.82186916874
15784873,4,281.247285714054
15849901,4,281.247286714054
15879912,4,281.67287555555
15907482,4,282.098154884279
16006284,4,285.608700141843
16006550,4,285.608701141843
16090663,4,286.896371448642
16160202,4,287.751050158892
16170753,4,287.751051158892
16206471,4,290.360570005602
16259298,4,290.78588534496
16277945,4,290.78588634496
16403215,4,293.843844270214
16442579,4,294.698321048745
16474126,4,296.422560860457
16579003,4,300.389647397063
16624541,4,300.389648397063
16645815,4,300.389649397063
16777527,4,301.677274201981
16778921,4,301.677275201981
16863459,4,301.677276201981
16888446,4,301.677277201981
16947755,4,301.677278201981
17152768,4,301.677279201981
17237256,4,301.677280201981
17321315,4,301.677281201981
17340909,4,301.677282201981
17392781,4,301.677283201981
17413948,4,301.677284201981
16796,5,0
80490,5,1.00000000947364e-06
93558,5,2.00000001894729e-06
147789,5,3.00000002842093e-06
293595,5,4.00000003789458e-06
399752,5,5.00000004736822e-06
497944,5,6.00000005684187e-06
499846,5,7.00000006631551e-06
591257,5,8.00000007578915e-06
606865,5,9.0000000852628e-06
679522,5,0.425543483213597
679781,5,0.425544483213606
853904,5,0.851078962131191
872773,5,0.8510799621312
1038832,5,1.70602286897776
1073081,5,2.56100985001385
1129301,5,2.98650137536608
1129412,5,2.98650237536609
1200645,5,3.41203704132376
1277224,5,3.8375716882654
1297643,5,3.83757268826541
1486129,5,6.0024130122401
1564018,5,6.00241401224011
1577100,5,6.42793663186568
1625843,5,7.28269074676203
1699763,5,8.57027387672792
1796786,5,10.7352085048211
1796919,5,10.7352095048211
1937385,5,15.6283101065591
2028290,5,17.7930151136905
2099106,5,18.647606092192
2134534,5,19.5023284820614
2190026,5,19.5023294820614
2225355,5,19.5023304820615
2251173,5,20.7898680505092
2304297,5,22.9548971347727
2575300,5,24.2422112454058
2675409,5,27.7529993975234
2755392,5,28.1781813839181
2779145,5,29.0329041546807
2917639,5,30.3205744839544
2919446,5,30.3205754839544
2984477,5,30.7461101397038
3081025,5,31.171644768558
3111900,5,31.171645768558
3199728,5,35.1385933565949
3258652,5,38.1962300892765
3260343,5,38.1962310892765
3319270,5,38.1962320892765
3319411,5,38.1962330892766
3473273,5,38.1962340892766
3473548,5,38.1962350892766
3545004,5,40.3610753767428
3584839,5,40.3610763767428
3637179,5,40.3610773767428
3682095,5,42.5260563095697
3730262,5,43.3806906043553
3819930,5,43.8061823360306
3846185,5,44.2313154600981
3929994,5,48.6594242963753
3934961,5,48.6594252963753
4043487,5,49.0848089706262
4090642,5,50.808933740784
4296831,5,55.7022535611943
4298834,5,55.7022545611943
4442127,5,56.5570693182545
4500917,5,58.2814277450948
4588369,5,60.4464105729389
4616401,5,61.7490670956826
4842537,5,66.7052391459653
4889116,5,68.0080698907744
4927569,5,68.4379623730233
5105736,5,74.836093049009
5106809,5,74.836094049009
5173486,5,77.0273545614859
5175225,5,77.0273555614859
5281967,5,82.4593174852107
5321918,5,82.88939414067
5369558,5,82.88939514067
5462228,5,82.88939614067
5546268,5,85.0807071955435
5617774,5,86.825861682359
5648277,5,86.8258626823591
5692409,5,86.8258636823591
5795712,5,90.379907265895
5814005,5,90.379908265895
5850648,5,90.8104867317563
5894797,5,91.241065228979
5980994,5,91.241066228979
6008923,5,91.241067228979
6064846,5,91.6715136795591
6259748,5,93.4168474585417
6336140,5,93.4168484585418
6444111,5,94.2817305298808
6618036,5,95.5848859686606
6630357,5,95.5848869686606
6760652,5,95.5848879686607
6784656,5,95.5848889686607
6878994,5,96.0154672789397
6914789,5,96.0154682789397
6982216,5,96.0154692789397
7067113,5,96.0154702789398
7112226,5,97.7607598091493
7146033,5,98.6255972831766
7239344,5,98.6255982831766
7240840,5,98.6255992831766
7302280,5,98.6256002831767
7402620,5,99.0511265286491
7482155,5,100.339032781334
7489835,5,100.339033781334
7580667,5,100.764646437475
7601406,5,100.764647437475
7758312,5,101.190260102277
7759043,5,101.190261102277
7835289,5,101.615830831999
7972078,5,102.470739105776
8012257,5,102.470740105776
8156948,5,103.325604347811
8270382,5,103.325605347811
8270476,5,103.325606347811
8362428,5,104.180328019979
8398682,5,104.180329019979
8498661,5,104.60564438146
8716204,5,107.215163217904
8717713,5,107.215164217904
8968582,5,108.939520432422
9039059,5,110.227102654274
9092610,5,110.227103654274
9248445,5,111.081825317743
9287488,5,111.081826317743
9343133,5,111.081827317743
9379328,5,111.081828317744
9482650,5,111.081829317744
9507548,5,111.081830317744
9542056,5,111.936551985509
9593104,5,111.936552985509
9674864,5,111.936553985509
9792591,5,112.362088468722
9794173,5,112.362089468722
9903844,5,112.787359793048
10124424,5,115.845598852263
10240553,5,116.70009905636
10248667,5,116.70010005636
10356066,5,117.125634532541
10367837,5,117.125635532541
10444663,5,117.980357935397
10568530,5,118.835080338254
10594213,5,118.835081338254
10695883,5,119.260615808515
10720923,5,119.260616808515
10839515,5,120.548241622337
10846993,5,120.548242622337
10943429,5,120.548243622337
11004148,5,120.548244622337
11036032,5,120.973736176898
11114674,5,121.828501874188
11132229,5,121.828502874188
11198981,5,121.828503874188
11220234,5,121.828504874188
11321911,5,121.828505874188
11340459,5,121.828506874188
11402819,5,121.828507874188
11411367,5,121.828508874188
11467135,5,121.828509874188
11476306,5,121.828510874189
11611799,5,124.43775928997
11680770,5,127.495536065618
11779464,5,127.495537065618
11791971,5,127.495538065618
11869685,5,128.350259737784
11878312,5,128.350260737784
11980446,5,128.775795206814
12010157,5,128.775796206814
12125452,5,130.500105026908
12153737,5,130.500106026908
12220634,5,130.500107026908
12222711,5,130.500108026908
12288256,5,131.354830416739
12314130,5,132.209465845564
12426773,5,133.933866131604
12460814,5,133.933867131604
12487094,5,135.221580949247
12583131,5,135.647029023857
12638412,5,135.647030023857
12750712,5,135.647031023857
12835906,5,136.501621253441
12935216,5,138.66673888789
12985385,5,139.521373164384
13031355,5,139.946864710398
13051193,5,139.946865710398
13120429,5,139.946866710398
13185945,5,141.234491524221
13213887,5,141.234492524221
13263762,5,141.660027179972
13311318,5,142.085561844363
13370653,5,142.085562844363
13372433,5,142.085563844363
13438077,5,142.085564844363
13540701,5,142.085565844363
13628652,5,142.51110050446
13662278,5,142.936635358669
13749324,5,143.36217000574
13751805,5,143.36217100574
13915827,5,145.086614996735
13947670,5,145.511976287634
14140411,5,146.366786023614
14150454,5,146.792191169405
14322702,5,148.079904986993
14355662,5,148.079905986993
14420671,5,148.079906986993
14422971,5,148.079907986993
14585480,5,149.367532791968
14642812,5,149.367533791968
14720477,5,149.367534791968
14804178,5,151.851938311815
14856185,5,152.829216807012
14870915,5,152.829217807012
14941788,5,152.829218807012
14992717,5,152.829219807012
15087802,5,153.254711361571
15182785,5,154.109477036717
15196511,5,154.109478036717
15329038,5,157.167435971569
15349187,5,158.021936202386
15367674,5,158.021937202386
15418157,5,158.876702893809
15426054,5,159.302151519698
15512110,5,160.156830225773
15591056,5,161.881051829156
15790107,5,165.391462277545
15800570,5,165.391463277545
15884228,5,165.391464277545
15885487,5,165.391465277545
16021119,5,165.816956823483
16055993,5,166.671679585268
16120932,5,167.959351590583
16253776,5,169.246978017952
16275845,5,169.246979017952
16385587,5,172.757192004474
16407592,5,172.757193004474
16442100,5,173.611914650282
16502385,5,173.611915650282
16543031,5,173.611916650282
16623881,5,174.899178625
16778354,5,179.793069258284
16780131,5,181.080693421415
16837169,5,181.506055055809
16888387,5,182.793768873416
16899504,5,182.793769873416
16900781,5,182.793770873416
16977589,5,183.219130835946
17012148,5,185.384336271523
17071969,5,185.809696225412
17165537,5,185.809697225412
17205255,5,187.097411056216
17374541,5,187.522859117802
17375138,5,187.522860117802
17520493,5,189.247168939418
17520781,5,189.247169939418
17589958,5,190.53488375275
17697756,5,190.960288898769
17704376,5,191.814833171071
17795841,5,194.872791052449
17796313,5,194.872792052449
17914105,5,200.211166636918
18007440,5,207.472238208167
18009750,5,207.472239208167
18120342,5,216.759162066903
18168654,5,217.183551552834
18262314,5,220.178773418803
18262699,5,220.178774418803
18278601,5,220.663898983626
18354545,5,221.518702708328
18392644,5,221.943838885056
18498888,5,225.911401136795
18554914,5,226.765810455593
18637634,5,227.620311394143
18657948,5,230.678231993236
18757388,5,234.188836504344
18824515,5,234.613470884915
18921048,5,240.928793642693
18924167,5,240.928794642693
19131316,5,245.356497083528
19135273,5,245.356498083528
19210912,5,251.487450773989
19231552,5,252.177062307008
19391069,5,257.540412197267
19515184,5,257.965451400659
19515358,5,257.965452400659
19596260,5,260.130475251018
19608892,5,260.555835421656
19671493,5,260.981060522812
19710742,5,264.491714040706
19774547,5,267.076427767758
19893002,5,273.848828370497
19933932,5,276.457563464653
20112786,5,280.424807270955
20196865,5,282.148890900314
20198668,5,282.148891900314
20264925,5,283.436516701141
20290768,5,283.436517701141
20383794,5,284.724142506227
20435165,5,284.724143506227
20437968,5,284.724144506227
20626598,5,284.724145506227
20651440,5,284.724146506227
20824979,5,284.724147506227
20862485,5,284.724148506227
350084,6,0
387180,6,1.00000000947364e-06
478348,6,2.00000001894729e-06
543068,6,3.00000002842093e-06
547548,6,4.00000003789458e-06
596094,6,0.854725667765449
636850,6,0.854726667765458
718523,6,0.854727667765468
734972,6,1.28013188752509
789666,6,3.00457586933228
911871,6,3.00457686933229
982564,6,3.0045778693323
1001412,6,3.00457886933231
1127311,6,3.42993885446537
1182001,6,5.59496169207872
1215425,6,5.59496269207873
1310698,6,5.59496369207874
1358166,6,5.59496469207875
1447260,6,6.02049914886169
1447824,6,6.0205001488617
1502698,6,9.07822134913043
1549457,6,9.07822234913044
1613525,6,10.8026663176713
1785496,6,11.2280705374482
1850468,6,11.2280715374482
1922789,6,11.6535195988641
2013369,6,12.9413224649777
2090663,6,13.366770508924
2090772,6,13.366771508924
2184811,6,15.5317943588772
2214385,6,15.9570678631283
2275881,6,17.2454563448376
2357663,6,18.5338491749685
2406946,6,19.3887222326212
2452820,6,20.6763655315469
2550901,6,24.1870265329746
2552391,6,24.1870275329746
2611067,6,27.6973461962294
2701231,6,30.3065481780429
2727321,6,30.3065491780429
2778640,6,31.1612708325848
2844469,6,31.1612718325848
2877421,6,31.5868064845099
2924225,6,32.0122060135814
3015791,6,34.1774521745493
3040005,6,34.6025703580734
3119421,6,37.21190937683
3195443,6,41.6397646367228
3204628,6,41.6397656367229
3281640,6,43.3642095913325
3350508,6,43.7896138110904
3401659,6,43.7896148110905
3421818,6,43.7896158110905
3527072,6,44.6443382008459
3679241,6,45.4990613388686
3716912,6,46.3537407930417
3814906,6,47.6414127855379
3820211,6,48.9287695623743
3921081,6,52.8960121499699
4060837,6,55.9537503732696
4279603,6,58.1186427522413
4309966,6,58.9732329867313
4389221,6,58.9732339867313
4401748,6,59.3986820438929
4500370,6,60.6864414083968
4507509,6,61.5411208624173
4571085,6,62.3958872950603
4615752,6,62.8213359121768
4649198,6,63.6761456523936
4745910,6,64.1016371763456
4753766,6,64.1016381763456
4900879,6,66.7109258809073
4927296,6,66.7109268809073
5022107,6,67.1364613422092
5033443,6,67.1364623422092
5152490,6,67.5619968254404
5153185,6,67.5619978254404
5234760,6,67.9875324856704
5273988,6,68.4128030336375
5414458,6,71.4707880286829
5466214,6,71.4707890286829
5562593,6,72.3255382142556
5568979,6,72.7509433572987
5621433,6,74.0386588466171
5729183,6,75.3263743359731
5759067,6,75.7516921424851
5819564,6,77.4761361067125
5877800,6,77.4761371067125
5961158,6,80.5338583025484
5963609,6,80.5338593025484
6014350,6,81.3884939432306
6073085,6,83.1130294445441
6152521,6,83.538347233286
6248524,6,84.826062735973
6310598,6,86.11368918137
6319890,6,86.1136901813701
6518990,6,87.8379990029869
6528312,6,87.838000002987
6579082,6,88.2635344688632
6581229,6,88.2635354688632
6739661,6,89.1182571323325
6762337,6,89.1182581323325
6940756,6,90.842566958357
6955003,6,90.842567958357
7009760,6,91.2681026097218
7143469,6,91.6936372787753
7144795,6,91.6936382787753
7266175,6,92.119172766741
7266850,6,92.119173766741
7322729,6,92.119174766741
7336053,6,92.119175766741
7513531,6,92.5447102456427
7564196,6,92.5447112456427
7613129,6,93.3994769473364
7727578,6,93.8249685045501
7743234,6,93.8249695045501
7821467,6,95.5493257444936
7940932,6,96.8369096345764
7964226,6,98.1245377561334
8083523,6,99.4120770185611
8247006,6,101.577011674111
8248179,6,101.577012674111
8357013,6,101.577013674111
8394252,6,102.864638502561
8426345,6,102.864639502561
8501749,6,103.290173991165
8548923,6,103.290174991165
8665271,6,103.290175991165
8691682,6,103.290176991165
8751501,6,103.290177991165
8832385,6,104.57780279625
8923304,6,104.57780379625
8952716,6,105.865474125563
9021906,6,106.720152853437
9025463,6,106.720153853437
9093586,6,106.720154853437
9287807,6,108.007779658358
9303872,6,108.007780658358
9483523,6,108.007781658358
9525286,6,108.007782658358
9542405,6,108.007783658358
9552282,6,108.007784658358
9570208,6,108.433054982526
9678748,6,111.491338362674
9710212,6,111.916608686861
9822826,6,111.916609686861
9902316,6,112.342144170074
9967565,6,112.342145170074
10037243,6,112.342146170074
10076512,6,112.342147170074
10203322,6,112.767681830172
10226939,6,113.193216684382
10286618,6,113.618751344479
10317200,6,113.618752344479
10376766,6,113.618753344479
10424790,6,113.618754344479
10461229,6,114.906424673623
10550197,6,115.761103401573
10552813,6,115.761104401573
10648859,6,116.615826069484
10662557,6,116.615827069484
10731039,6,117.470548737322
10739562,6,117.470549737322
10791653,6,117.470550737322
10862511,6,117.896085397438
10869240,6,118.321577133158
10944577,6,119.176299903788
11071492,6,120.463970224157
11096460,6,120.463971224157
11127957,6,120.463972224157
11342561,6,122.188281036665
11346702,6,122.188282036665
11433411,6,123.043003700134
11452971,6,123.043004700134
11517222,6,123.468539166009
11530495,6,123.468540166009
11622417,6,125.192940460826
11836656,6,126.047575889651
11952422,6,126.902298279482
12022174,6,126.902299279482
12076251,6,126.902300279482
12208257,6,128.189998809819
12293104,6,129.477697340153
12359449,6,129.477698340153
12364405,6,129.477699340153
12533025,6,132.087174062647
12750713,6,132.941719486711
12763105,6,132.941720486711
12878121,6,135.106286817596
12974281,6,139.999380011373
12990085,6,139.999381011373
13050494,6,141.286635522435
13262690,6,146.180232207668
13339566,6,147.467464134041
13378095,6,148.755003341136
13482071,6,150.920112391606
13557283,6,153.978469783746
13600717,6,154.832748499681
13656584,6,157.890943220395
13676249,6,158.745400484206
13733871,6,160.033100752655
13812846,6,160.887648047787
13893785,6,163.052524569411
14072817,6,166.1103472108
14089636,6,166.1103482108
14179996,6,167.834748478865
14252101,6,168.689340223879
14271376,6,169.977012229311
14364840,6,171.264638679022
14365263,6,171.264639679022
14437076,6,171.264640679022
14451269,6,171.689819827482
14542103,6,175.657041890851
14547204,6,175.657042890851
14600463,6,176.082267807928
14636404,6,179.592813071022
14678987,6,179.592814071022
14739634,6,181.317122870022
14740346,6,181.317123870022
14791150,6,181.742483819625
14888419,6,183.907645359064
14961400,6,184.762235575408
14961815,6,184.762236575408
15074614,6,186.926990299574
15137625,6,189.98481297587
15138096,6,189.98481397587
15196795,6,190.410305504015
15252244,6,191.265071192606
15330737,6,191.265072192606
15366117,6,192.98947249183
15500580,6,193.844107127229
15500713,6,193.844108127229
15560858,6,199.206384745886
15563593,6,199.206385745886
15658948,6,200.061151393533
15697711,6,200.486600028005
15820520,6,201.341365666069
15842349,6,201.341366666069
16035557,6,207.65672306387
16072842,6,208.081667000418
16203694,6,208.081668000418
16227136,6,208.081669000418
16327274,6,208.936214437626
16505859,6,211.545689160119
16596096,6,211.545690160119
16641436,6,211.545691160119
16892054,6,211.545692160119
16916863,6,211.545693160119
17034241,6,211.545694160119
17215753,6,211.545695160118
17339521,6,211.545696160118
17474873,6,211.545697160118
17498443,6,211.545698160118
17618863,6,211.545699160118
